presence,count,per
both,584,0.34803337306317045
LIMS,427,0.25446960667461266
NOAA,667,0.39749702026221695
